Benchmark;Size;Score (ns/op)
"benchmarkClear";10000;4014.026805892666
"benchmarkClear";20000;8540.679878285206
"benchmarkClear";30000;16777.312985449313
"benchmarkClear";40000;16472.437076699367
"benchmarkClear";50000;32802.64288405981
"benchmarkClear";60000;33409.12270868057
"benchmarkClear";70000;34183.249895903245
"benchmarkClear";80000;35247.612897275954
"benchmarkClear";90000;35881.42325834227
"benchmarkClear";100000;68031.31589510963
"benchmarkCompute";10000;66.90286925211325
"benchmarkCompute";20000;209.2465120359508
"benchmarkCompute";30000;325.0871252911036
"benchmarkCompute";40000;360.8587964646306
"benchmarkCompute";50000;453.5464615887623
"benchmarkCompute";60000;397.623630931709
"benchmarkCompute";70000;409.23034075283545
"benchmarkCompute";80000;540.45685754401
"benchmarkCompute";90000;695.7174745047928
"benchmarkCompute";100000;774.2527156666151
"benchmarkComputeIfAbsent";10000;48.6510450274947
"benchmarkComputeIfAbsent";20000;166.4633692180564
"benchmarkComputeIfAbsent";30000;183.6796003917705
"benchmarkComputeIfAbsent";40000;243.1224139012574
"benchmarkComputeIfAbsent";50000;234.5791168750587
"benchmarkComputeIfAbsent";60000;303.614465672312
"benchmarkComputeIfAbsent";70000;424.7817259416211
"benchmarkComputeIfAbsent";80000;382.67915605278205
"benchmarkComputeIfAbsent";90000;627.5888330579727
"benchmarkComputeIfAbsent";100000;707.6510848981359
"benchmarkComputeIfPresent";10000;105.55716796046315
"benchmarkComputeIfPresent";20000;333.4762530565713
"benchmarkComputeIfPresent";30000;340.1317658685159
"benchmarkComputeIfPresent";40000;445.0985621893981
"benchmarkComputeIfPresent";50000;483.4170334163294
"benchmarkComputeIfPresent";60000;591.0597531665251
"benchmarkComputeIfPresent";70000;2701.381846226445
"benchmarkComputeIfPresent";80000;1009.5005696042083
"benchmarkComputeIfPresent";90000;1166.2129445027356
"benchmarkComputeIfPresent";100000;1837.4310772542133
"benchmarkConstructor";10000;57.83551806588418
"benchmarkConstructor";20000;105.48797321239114
"benchmarkConstructor";30000;429.7117358047702
"benchmarkConstructor";40000;83.70688989451305
"benchmarkConstructor";50000;116.29421277501592
"benchmarkConstructor";60000;122.3438012394473
"benchmarkConstructor";70000;150.29411882915383
"benchmarkConstructor";80000;662.8133466067515
"benchmarkConstructor";90000;81.17743012787275
"benchmarkConstructor";100000;85.88640692541398
"benchmarkContainsKey";10000;197.24624225250287
"benchmarkContainsKey";20000;373.27633627303504
"benchmarkContainsKey";30000;156.12092839306342
"benchmarkContainsKey";40000;217.0300593812259
"benchmarkContainsKey";50000;234.25564785432738
"benchmarkContainsKey";60000;702.1120295621665
"benchmarkContainsKey";70000;227.05617186688576
"benchmarkContainsKey";80000;236.1143769335627
"benchmarkContainsKey";90000;590.7493468058232
"benchmarkContainsKey";100000;928.2397139509158
"benchmarkContainsValue";10000;16963.051518505923
"benchmarkContainsValue";20000;31971.321415900013
"benchmarkContainsValue";30000;48397.89063372648
"benchmarkContainsValue";40000;97736.29527068992
"benchmarkContainsValue";50000;77869.14261315792
"benchmarkContainsValue";60000;97193.17205616257
"benchmarkContainsValue";70000;110710.36167398527
"benchmarkContainsValue";80000;145823.90592350397
"benchmarkContainsValue";90000;174585.76997200598
"benchmarkContainsValue";100000;198447.42142248678
"benchmarkEntrySet";10000;63.03642175009501
"benchmarkEntrySet";20000;93.81267771303968
"benchmarkEntrySet";30000;106.1651774420604
"benchmarkEntrySet";40000;84.82207056372941
"benchmarkEntrySet";50000;82.47274113115276
"benchmarkEntrySet";60000;136.00760128120595
"benchmarkEntrySet";70000;59.38917350055519
"benchmarkEntrySet";80000;58.196733133022285
"benchmarkEntrySet";90000;125.93340073368871
"benchmarkEntrySet";100000;86.467593201037
"benchmarkEquals";10000;251594.89559142536
"benchmarkEquals";20000;569722.1638976058
"benchmarkEquals";30000;938217.3795359619
"benchmarkEquals";40000;1232350.9780566934
"benchmarkEquals";50000;1623895.0944745797
"benchmarkEquals";60000;1835998.684982542
"benchmarkEquals";70000;2132845.460378451
"benchmarkEquals";80000;2522662.6498101484
"benchmarkEquals";90000;2967715.1564186746
"benchmarkEquals";100000;3450486.984168857
"benchmarkForEach";10000;32849.21004401446
"benchmarkForEach";20000;65337.172898034165
"benchmarkForEach";30000;94166.34943223148
"benchmarkForEach";40000;138627.77624711292
"benchmarkForEach";50000;172814.86005516915
"benchmarkForEach";60000;213558.84167525725
"benchmarkForEach";70000;263467.36775609595
"benchmarkForEach";80000;313702.56785276096
"benchmarkForEach";90000;382061.23279282433
"benchmarkForEach";100000;378206.0539223706
"benchmarkGet";10000;104.39130878195927
"benchmarkGet";20000;157.26785779430253
"benchmarkGet";30000;209.7584253219043
"benchmarkGet";40000;269.3239333738377
"benchmarkGet";50000;209.0381705968208
"benchmarkGet";60000;455.2611417248433
"benchmarkGet";70000;608.9933097108817
"benchmarkGet";80000;296.29705043948553
"benchmarkGet";90000;391.49349609059
"benchmarkGet";100000;431.1851476379466
"benchmarkGetOrDefault";10000;76.86070096699015
"benchmarkGetOrDefault";20000;158.38118185443466
"benchmarkGetOrDefault";30000;237.67729905128323
"benchmarkGetOrDefault";40000;239.7661788578778
"benchmarkGetOrDefault";50000;464.1023963427498
"benchmarkGetOrDefault";60000;1434.971871915933
"benchmarkGetOrDefault";70000;385.656454519921
"benchmarkGetOrDefault";80000;274.49256805078227
"benchmarkGetOrDefault";90000;524.0031214440428
"benchmarkGetOrDefault";100000;576.2999975491817
"benchmarkHashCode";10000;67369.64859147872
"benchmarkHashCode";20000;124799.29630062982
"benchmarkHashCode";30000;180552.6680643064
"benchmarkHashCode";40000;267378.9205251822
"benchmarkHashCode";50000;333660.9154037409
"benchmarkHashCode";60000;410745.2491601339
"benchmarkHashCode";70000;480550.51867714763
"benchmarkHashCode";80000;580067.4726326708
"benchmarkHashCode";90000;667944.339764547
"benchmarkHashCode";100000;649812.8122961462
"benchmarkKeySet";10000;41.62768330994402
"benchmarkKeySet";20000;67.05104371216281
"benchmarkKeySet";30000;60.795917935038446
"benchmarkKeySet";40000;65.84879697245992
"benchmarkKeySet";50000;81.4513326567191
"benchmarkKeySet";60000;73.5790680023989
"benchmarkKeySet";70000;65.53200449874367
"benchmarkKeySet";80000;76.22247305240927
"benchmarkKeySet";90000;108.63620185433243
"benchmarkKeySet";100000;118.30030769241017
"benchmarkMerge";10000;135.46005239019095
"benchmarkMerge";20000;431.2265377162446
"benchmarkMerge";30000;523.3251232316917
"benchmarkMerge";40000;630.1025385088839
"benchmarkMerge";50000;509.36724122984805
"benchmarkMerge";60000;465.92742288215436
"benchmarkMerge";70000;690.9192075472754
"benchmarkMerge";80000;581.4680075223682
"benchmarkMerge";90000;1117.0934368383737
"benchmarkMerge";100000;1468.2284424755662
"benchmarkPut";10000;449624.3995915214
"benchmarkPut";20000;945346.1517938864
"benchmarkPut";30000;1325982.1016641771
"benchmarkPut";40000;1942858.027795766
"benchmarkPut";50000;2731335.5314907455
"benchmarkPut";60000;2851426.00691107
"benchmarkPut";70000;4056566.5348060685
"benchmarkPut";80000;4222973.2252504155
"benchmarkPut";90000;7229911.609990659
"benchmarkPut";100000;6898117.088991756
"benchmarkPutAll";10000;104613.66439967186
"benchmarkPutAll";20000;208623.82747025325
"benchmarkPutAll";30000;307411.58723100985
"benchmarkPutAll";40000;444420.07765989454
"benchmarkPutAll";50000;572673.006814772
"benchmarkPutAll";60000;723456.6520695479
"benchmarkPutAll";70000;796798.8840226694
"benchmarkPutAll";80000;945758.9084872268
"benchmarkPutAll";90000;1126049.1591243232
"benchmarkPutAll";100000;1205045.8193051128
"benchmarkPutIfAbsent";10000;477653.94632172637
"benchmarkPutIfAbsent";20000;1042278.0099987644
"benchmarkPutIfAbsent";30000;1460856.773788509
"benchmarkPutIfAbsent";40000;2769949.4148245687
"benchmarkPutIfAbsent";50000;2547123.3741498333
"benchmarkPutIfAbsent";60000;3156329.686697955
"benchmarkPutIfAbsent";70000;3990080.266241248
"benchmarkPutIfAbsent";80000;5387158.16615759
"benchmarkPutIfAbsent";90000;5038130.294914941
"benchmarkPutIfAbsent";100000;5378253.385147513
"benchmarkRemove";10000;96.61206074703222
"benchmarkRemove";20000;180.45643779516638
"benchmarkRemove";30000;207.48780194788884
"benchmarkRemove";40000;202.28214699775566
"benchmarkRemove";50000;207.6605840993742
"benchmarkRemove";60000;255.78332935483124
"benchmarkRemove";70000;333.80763098003746
"benchmarkRemove";80000;325.206118987981
"benchmarkRemove";90000;444.33976861210056
"benchmarkRemove";100000;630.2475104249874
"benchmarkRemoveWithValue";10000;111.82286064190356
"benchmarkRemoveWithValue";20000;265.2071244713746
"benchmarkRemoveWithValue";30000;308.89998306428106
"benchmarkRemoveWithValue";40000;320.74917497708054
"benchmarkRemoveWithValue";50000;312.86488557767126
"benchmarkRemoveWithValue";60000;392.83782112221996
"benchmarkRemoveWithValue";70000;502.7758327736571
"benchmarkRemoveWithValue";80000;540.9309790636994
"benchmarkRemoveWithValue";90000;584.8783334358592
"benchmarkRemoveWithValue";100000;647.3200137316185
"benchmarkReplace";10000;91.97377410437429
"benchmarkReplace";20000;267.80912235783387
"benchmarkReplace";30000;307.32118179998463
"benchmarkReplace";40000;322.0551296291352
"benchmarkReplace";50000;301.0148940251798
"benchmarkReplace";60000;374.1386867316222
"benchmarkReplace";70000;457.4176210434673
"benchmarkReplace";80000;485.69073184984256
"benchmarkReplace";90000;598.2189621410442
"benchmarkReplace";100000;662.6378204412032
"benchmarkReplaceAll";10000;76798.2657510442
"benchmarkReplaceAll";20000;168005.63151842676
"benchmarkReplaceAll";30000;261773.88137539322
"benchmarkReplaceAll";40000;366208.68291743303
"benchmarkReplaceAll";50000;479969.01427811076
"benchmarkReplaceAll";60000;562210.8469142221
"benchmarkReplaceAll";70000;696357.9626665192
"benchmarkReplaceAll";80000;788323.6562497615
"benchmarkReplaceAll";90000;985127.6013287647
"benchmarkReplaceAll";100000;930130.014468868
"benchmarkReplaceWithOldNew";10000;141.02521902674047
"benchmarkReplaceWithOldNew";20000;313.0321034457469
"benchmarkReplaceWithOldNew";30000;356.7678620349168
"benchmarkReplaceWithOldNew";40000;432.5285395224736
"benchmarkReplaceWithOldNew";50000;463.38425609715785
"benchmarkReplaceWithOldNew";60000;485.79566630763395
"benchmarkReplaceWithOldNew";70000;604.9477399605727
"benchmarkReplaceWithOldNew";80000;640.1621985864307
"benchmarkReplaceWithOldNew";90000;728.9251838487128
"benchmarkReplaceWithOldNew";100000;845.5418981311552
"benchmarkToString";10000;192663.86124367622
"benchmarkToString";20000;425586.1567056152
"benchmarkToString";30000;667513.0676347631
"benchmarkToString";40000;879270.3044187352
"benchmarkToString";50000;1189815.7312651132
"benchmarkToString";60000;1382043.221504429
"benchmarkToString";70000;1609165.7530351956
"benchmarkToString";80000;1848156.2056358634
"benchmarkToString";90000;2080761.3688341482
"benchmarkToString";100000;2391196.303629121
"benchmarkValues";10000;41.57405760572962
"benchmarkValues";20000;66.45628196282101
"benchmarkValues";30000;66.62719393281729
"benchmarkValues";40000;66.57205244666636
"benchmarkValues";50000;74.5342873683396
"benchmarkValues";60000;76.8354222466226
"benchmarkValues";70000;81.27933240897346
"benchmarkValues";80000;102.44669488063704
"benchmarkValues";90000;86.54337081439665
"benchmarkValues";100000;127.3240981863741
