"Benchmark","Mode","Threads","Samples","Score","Score Error (99.9%)","Unit","Param: size"
"custommap.CustomLinkedHashMapPerformanceBenchmark.benchmarkClear","avgt",1,9,4014.026806,12.340741,"ns/op",10000
"custommap.CustomLinkedHashMapPerformanceBenchmark.benchmarkClear","avgt",1,9,8540.679878,1317.416830,"ns/op",20000
"custommap.CustomLinkedHashMapPerformanceBenchmark.benchmarkClear","avgt",1,9,16777.312985,671.459111,"ns/op",30000
"custommap.CustomLinkedHashMapPerformanceBenchmark.benchmarkClear","avgt",1,9,16472.437077,183.649355,"ns/op",40000
"custommap.CustomLinkedHashMapPerformanceBenchmark.benchmarkClear","avgt",1,9,32802.642884,231.653490,"ns/op",50000
"custommap.CustomLinkedHashMapPerformanceBenchmark.benchmarkClear","avgt",1,9,33409.122709,327.196116,"ns/op",60000
"custommap.CustomLinkedHashMapPerformanceBenchmark.benchmarkClear","avgt",1,9,34183.249896,403.810359,"ns/op",70000
"custommap.CustomLinkedHashMapPerformanceBenchmark.benchmarkClear","avgt",1,9,35247.612897,301.194601,"ns/op",80000
"custommap.CustomLinkedHashMapPerformanceBenchmark.benchmarkClear","avgt",1,9,35881.423258,363.543310,"ns/op",90000
"custommap.CustomLinkedHashMapPerformanceBenchmark.benchmarkClear","avgt",1,9,68031.315895,1461.186599,"ns/op",100000
"custommap.CustomLinkedHashMapPerformanceBenchmark.benchmarkCompute","avgt",1,9,66.902869,9.889308,"ns/op",10000
"custommap.CustomLinkedHashMapPerformanceBenchmark.benchmarkCompute","avgt",1,9,209.246512,155.178425,"ns/op",20000
"custommap.CustomLinkedHashMapPerformanceBenchmark.benchmarkCompute","avgt",1,9,325.087125,90.688336,"ns/op",30000
"custommap.CustomLinkedHashMapPerformanceBenchmark.benchmarkCompute","avgt",1,9,360.858796,171.596595,"ns/op",40000
"custommap.CustomLinkedHashMapPerformanceBenchmark.benchmarkCompute","avgt",1,9,453.546462,271.152287,"ns/op",50000
"custommap.CustomLinkedHashMapPerformanceBenchmark.benchmarkCompute","avgt",1,9,397.623631,102.305744,"ns/op",60000
"custommap.CustomLinkedHashMapPerformanceBenchmark.benchmarkCompute","avgt",1,9,409.230341,144.521374,"ns/op",70000
"custommap.CustomLinkedHashMapPerformanceBenchmark.benchmarkCompute","avgt",1,9,540.456858,217.510518,"ns/op",80000
"custommap.CustomLinkedHashMapPerformanceBenchmark.benchmarkCompute","avgt",1,9,695.717475,509.170793,"ns/op",90000
"custommap.CustomLinkedHashMapPerformanceBenchmark.benchmarkCompute","avgt",1,9,774.252716,523.733993,"ns/op",100000
"custommap.CustomLinkedHashMapPerformanceBenchmark.benchmarkComputeIfAbsent","avgt",1,9,48.651045,6.323268,"ns/op",10000
"custommap.CustomLinkedHashMapPerformanceBenchmark.benchmarkComputeIfAbsent","avgt",1,9,166.463369,114.167747,"ns/op",20000
"custommap.CustomLinkedHashMapPerformanceBenchmark.benchmarkComputeIfAbsent","avgt",1,9,183.679600,59.592498,"ns/op",30000
"custommap.CustomLinkedHashMapPerformanceBenchmark.benchmarkComputeIfAbsent","avgt",1,9,243.122414,127.231292,"ns/op",40000
"custommap.CustomLinkedHashMapPerformanceBenchmark.benchmarkComputeIfAbsent","avgt",1,9,234.579117,115.039830,"ns/op",50000
"custommap.CustomLinkedHashMapPerformanceBenchmark.benchmarkComputeIfAbsent","avgt",1,9,303.614466,134.861639,"ns/op",60000
"custommap.CustomLinkedHashMapPerformanceBenchmark.benchmarkComputeIfAbsent","avgt",1,9,424.781726,239.778115,"ns/op",70000
"custommap.CustomLinkedHashMapPerformanceBenchmark.benchmarkComputeIfAbsent","avgt",1,9,382.679156,233.578493,"ns/op",80000
"custommap.CustomLinkedHashMapPerformanceBenchmark.benchmarkComputeIfAbsent","avgt",1,9,627.588833,475.555230,"ns/op",90000
"custommap.CustomLinkedHashMapPerformanceBenchmark.benchmarkComputeIfAbsent","avgt",1,9,707.651085,965.640028,"ns/op",100000
"custommap.CustomLinkedHashMapPerformanceBenchmark.benchmarkComputeIfPresent","avgt",1,9,105.557168,71.521448,"ns/op",10000
"custommap.CustomLinkedHashMapPerformanceBenchmark.benchmarkComputeIfPresent","avgt",1,9,333.476253,160.627386,"ns/op",20000
"custommap.CustomLinkedHashMapPerformanceBenchmark.benchmarkComputeIfPresent","avgt",1,9,340.131766,111.863449,"ns/op",30000
"custommap.CustomLinkedHashMapPerformanceBenchmark.benchmarkComputeIfPresent","avgt",1,9,445.098562,160.786883,"ns/op",40000
"custommap.CustomLinkedHashMapPerformanceBenchmark.benchmarkComputeIfPresent","avgt",1,9,483.417033,207.951690,"ns/op",50000
"custommap.CustomLinkedHashMapPerformanceBenchmark.benchmarkComputeIfPresent","avgt",1,9,591.059753,470.858206,"ns/op",60000
"custommap.CustomLinkedHashMapPerformanceBenchmark.benchmarkComputeIfPresent","avgt",1,9,2701.381846,4396.975545,"ns/op",70000
"custommap.CustomLinkedHashMapPerformanceBenchmark.benchmarkComputeIfPresent","avgt",1,9,1009.500570,1436.634178,"ns/op",80000
"custommap.CustomLinkedHashMapPerformanceBenchmark.benchmarkComputeIfPresent","avgt",1,9,1166.212945,857.630609,"ns/op",90000
"custommap.CustomLinkedHashMapPerformanceBenchmark.benchmarkComputeIfPresent","avgt",1,9,1837.431077,1386.436659,"ns/op",100000
"custommap.CustomLinkedHashMapPerformanceBenchmark.benchmarkConstructor","avgt",1,9,57.835518,28.468406,"ns/op",10000
"custommap.CustomLinkedHashMapPerformanceBenchmark.benchmarkConstructor","avgt",1,9,105.487973,60.930931,"ns/op",20000
"custommap.CustomLinkedHashMapPerformanceBenchmark.benchmarkConstructor","avgt",1,9,429.711736,530.420191,"ns/op",30000
"custommap.CustomLinkedHashMapPerformanceBenchmark.benchmarkConstructor","avgt",1,9,83.706890,18.384678,"ns/op",40000
"custommap.CustomLinkedHashMapPerformanceBenchmark.benchmarkConstructor","avgt",1,9,116.294213,61.273759,"ns/op",50000
"custommap.CustomLinkedHashMapPerformanceBenchmark.benchmarkConstructor","avgt",1,9,122.343801,57.194816,"ns/op",60000
"custommap.CustomLinkedHashMapPerformanceBenchmark.benchmarkConstructor","avgt",1,9,150.294119,87.918892,"ns/op",70000
"custommap.CustomLinkedHashMapPerformanceBenchmark.benchmarkConstructor","avgt",1,9,662.813347,1305.857099,"ns/op",80000
"custommap.CustomLinkedHashMapPerformanceBenchmark.benchmarkConstructor","avgt",1,9,81.177430,24.775663,"ns/op",90000
"custommap.CustomLinkedHashMapPerformanceBenchmark.benchmarkConstructor","avgt",1,9,85.886407,33.904999,"ns/op",100000
"custommap.CustomLinkedHashMapPerformanceBenchmark.benchmarkContainsKey","avgt",1,9,197.246242,294.747939,"ns/op",10000
"custommap.CustomLinkedHashMapPerformanceBenchmark.benchmarkContainsKey","avgt",1,9,373.276336,598.377344,"ns/op",20000
"custommap.CustomLinkedHashMapPerformanceBenchmark.benchmarkContainsKey","avgt",1,9,156.120928,38.946205,"ns/op",30000
"custommap.CustomLinkedHashMapPerformanceBenchmark.benchmarkContainsKey","avgt",1,9,217.030059,93.640775,"ns/op",40000
"custommap.CustomLinkedHashMapPerformanceBenchmark.benchmarkContainsKey","avgt",1,9,234.255648,242.808106,"ns/op",50000
"custommap.CustomLinkedHashMapPerformanceBenchmark.benchmarkContainsKey","avgt",1,9,702.112030,993.822645,"ns/op",60000
"custommap.CustomLinkedHashMapPerformanceBenchmark.benchmarkContainsKey","avgt",1,9,227.056172,111.739245,"ns/op",70000
"custommap.CustomLinkedHashMapPerformanceBenchmark.benchmarkContainsKey","avgt",1,9,236.114377,103.420785,"ns/op",80000
"custommap.CustomLinkedHashMapPerformanceBenchmark.benchmarkContainsKey","avgt",1,9,590.749347,645.869570,"ns/op",90000
"custommap.CustomLinkedHashMapPerformanceBenchmark.benchmarkContainsKey","avgt",1,9,928.239714,741.427456,"ns/op",100000
"custommap.CustomLinkedHashMapPerformanceBenchmark.benchmarkContainsValue","avgt",1,9,16963.051519,690.348078,"ns/op",10000
"custommap.CustomLinkedHashMapPerformanceBenchmark.benchmarkContainsValue","avgt",1,9,31971.321416,2051.980025,"ns/op",20000
"custommap.CustomLinkedHashMapPerformanceBenchmark.benchmarkContainsValue","avgt",1,9,48397.890634,3820.749854,"ns/op",30000
"custommap.CustomLinkedHashMapPerformanceBenchmark.benchmarkContainsValue","avgt",1,9,97736.295271,19905.091168,"ns/op",40000
"custommap.CustomLinkedHashMapPerformanceBenchmark.benchmarkContainsValue","avgt",1,9,77869.142613,9517.440826,"ns/op",50000
"custommap.CustomLinkedHashMapPerformanceBenchmark.benchmarkContainsValue","avgt",1,9,97193.172056,8037.992570,"ns/op",60000
"custommap.CustomLinkedHashMapPerformanceBenchmark.benchmarkContainsValue","avgt",1,9,110710.361674,7888.948288,"ns/op",70000
"custommap.CustomLinkedHashMapPerformanceBenchmark.benchmarkContainsValue","avgt",1,9,145823.905924,7438.352508,"ns/op",80000
"custommap.CustomLinkedHashMapPerformanceBenchmark.benchmarkContainsValue","avgt",1,9,174585.769972,11450.355325,"ns/op",90000
"custommap.CustomLinkedHashMapPerformanceBenchmark.benchmarkContainsValue","avgt",1,9,198447.421422,27941.838340,"ns/op",100000
"custommap.CustomLinkedHashMapPerformanceBenchmark.benchmarkEntrySet","avgt",1,9,63.036422,28.312350,"ns/op",10000
"custommap.CustomLinkedHashMapPerformanceBenchmark.benchmarkEntrySet","avgt",1,9,93.812678,41.349894,"ns/op",20000
"custommap.CustomLinkedHashMapPerformanceBenchmark.benchmarkEntrySet","avgt",1,9,106.165177,32.016278,"ns/op",30000
"custommap.CustomLinkedHashMapPerformanceBenchmark.benchmarkEntrySet","avgt",1,9,84.822071,53.458769,"ns/op",40000
"custommap.CustomLinkedHashMapPerformanceBenchmark.benchmarkEntrySet","avgt",1,9,82.472741,28.326455,"ns/op",50000
"custommap.CustomLinkedHashMapPerformanceBenchmark.benchmarkEntrySet","avgt",1,9,136.007601,191.469122,"ns/op",60000
"custommap.CustomLinkedHashMapPerformanceBenchmark.benchmarkEntrySet","avgt",1,9,59.389174,17.521350,"ns/op",70000
"custommap.CustomLinkedHashMapPerformanceBenchmark.benchmarkEntrySet","avgt",1,9,58.196733,19.109562,"ns/op",80000
"custommap.CustomLinkedHashMapPerformanceBenchmark.benchmarkEntrySet","avgt",1,9,125.933401,86.483381,"ns/op",90000
"custommap.CustomLinkedHashMapPerformanceBenchmark.benchmarkEntrySet","avgt",1,9,86.467593,58.975346,"ns/op",100000
"custommap.CustomLinkedHashMapPerformanceBenchmark.benchmarkEquals","avgt",1,9,251594.895591,5287.471627,"ns/op",10000
"custommap.CustomLinkedHashMapPerformanceBenchmark.benchmarkEquals","avgt",1,9,569722.163898,64575.510651,"ns/op",20000
"custommap.CustomLinkedHashMapPerformanceBenchmark.benchmarkEquals","avgt",1,9,938217.379536,94044.635618,"ns/op",30000
"custommap.CustomLinkedHashMapPerformanceBenchmark.benchmarkEquals","avgt",1,9,1232350.978057,69065.016726,"ns/op",40000
"custommap.CustomLinkedHashMapPerformanceBenchmark.benchmarkEquals","avgt",1,9,1623895.094475,107254.616020,"ns/op",50000
"custommap.CustomLinkedHashMapPerformanceBenchmark.benchmarkEquals","avgt",1,9,1835998.684983,116167.948652,"ns/op",60000
"custommap.CustomLinkedHashMapPerformanceBenchmark.benchmarkEquals","avgt",1,9,2132845.460378,195160.057120,"ns/op",70000
"custommap.CustomLinkedHashMapPerformanceBenchmark.benchmarkEquals","avgt",1,9,2522662.649810,463364.050446,"ns/op",80000
"custommap.CustomLinkedHashMapPerformanceBenchmark.benchmarkEquals","avgt",1,9,2967715.156419,968537.064917,"ns/op",90000
"custommap.CustomLinkedHashMapPerformanceBenchmark.benchmarkEquals","avgt",1,9,3450486.984169,226719.762393,"ns/op",100000
"custommap.CustomLinkedHashMapPerformanceBenchmark.benchmarkForEach","avgt",1,9,32849.210044,403.945538,"ns/op",10000
"custommap.CustomLinkedHashMapPerformanceBenchmark.benchmarkForEach","avgt",1,9,65337.172898,3426.219300,"ns/op",20000
"custommap.CustomLinkedHashMapPerformanceBenchmark.benchmarkForEach","avgt",1,9,94166.349432,1516.513075,"ns/op",30000
"custommap.CustomLinkedHashMapPerformanceBenchmark.benchmarkForEach","avgt",1,9,138627.776247,6598.951268,"ns/op",40000
"custommap.CustomLinkedHashMapPerformanceBenchmark.benchmarkForEach","avgt",1,9,172814.860055,13090.862488,"ns/op",50000
"custommap.CustomLinkedHashMapPerformanceBenchmark.benchmarkForEach","avgt",1,9,213558.841675,8913.428075,"ns/op",60000
"custommap.CustomLinkedHashMapPerformanceBenchmark.benchmarkForEach","avgt",1,9,263467.367756,13365.977381,"ns/op",70000
"custommap.CustomLinkedHashMapPerformanceBenchmark.benchmarkForEach","avgt",1,9,313702.567853,8322.006843,"ns/op",80000
"custommap.CustomLinkedHashMapPerformanceBenchmark.benchmarkForEach","avgt",1,9,382061.232793,74563.334127,"ns/op",90000
"custommap.CustomLinkedHashMapPerformanceBenchmark.benchmarkForEach","avgt",1,9,378206.053922,31495.955481,"ns/op",100000
"custommap.CustomLinkedHashMapPerformanceBenchmark.benchmarkGet","avgt",1,9,104.391309,90.823772,"ns/op",10000
"custommap.CustomLinkedHashMapPerformanceBenchmark.benchmarkGet","avgt",1,9,157.267858,12.457606,"ns/op",20000
"custommap.CustomLinkedHashMapPerformanceBenchmark.benchmarkGet","avgt",1,9,209.758425,56.669126,"ns/op",30000
"custommap.CustomLinkedHashMapPerformanceBenchmark.benchmarkGet","avgt",1,9,269.323933,211.615026,"ns/op",40000
"custommap.CustomLinkedHashMapPerformanceBenchmark.benchmarkGet","avgt",1,9,209.038171,88.201665,"ns/op",50000
"custommap.CustomLinkedHashMapPerformanceBenchmark.benchmarkGet","avgt",1,9,455.261142,313.866912,"ns/op",60000
"custommap.CustomLinkedHashMapPerformanceBenchmark.benchmarkGet","avgt",1,9,608.993310,830.489127,"ns/op",70000
"custommap.CustomLinkedHashMapPerformanceBenchmark.benchmarkGet","avgt",1,9,296.297050,196.866067,"ns/op",80000
"custommap.CustomLinkedHashMapPerformanceBenchmark.benchmarkGet","avgt",1,9,391.493496,455.800218,"ns/op",90000
"custommap.CustomLinkedHashMapPerformanceBenchmark.benchmarkGet","avgt",1,9,431.185148,412.606798,"ns/op",100000
"custommap.CustomLinkedHashMapPerformanceBenchmark.benchmarkGetOrDefault","avgt",1,9,76.860701,50.918154,"ns/op",10000
"custommap.CustomLinkedHashMapPerformanceBenchmark.benchmarkGetOrDefault","avgt",1,9,158.381182,36.311609,"ns/op",20000
"custommap.CustomLinkedHashMapPerformanceBenchmark.benchmarkGetOrDefault","avgt",1,9,237.677299,95.177712,"ns/op",30000
"custommap.CustomLinkedHashMapPerformanceBenchmark.benchmarkGetOrDefault","avgt",1,9,239.766179,104.772176,"ns/op",40000
"custommap.CustomLinkedHashMapPerformanceBenchmark.benchmarkGetOrDefault","avgt",1,9,464.102396,1032.724813,"ns/op",50000
"custommap.CustomLinkedHashMapPerformanceBenchmark.benchmarkGetOrDefault","avgt",1,9,1434.971872,1412.214120,"ns/op",60000
"custommap.CustomLinkedHashMapPerformanceBenchmark.benchmarkGetOrDefault","avgt",1,9,385.656455,572.512555,"ns/op",70000
"custommap.CustomLinkedHashMapPerformanceBenchmark.benchmarkGetOrDefault","avgt",1,9,274.492568,118.908090,"ns/op",80000
"custommap.CustomLinkedHashMapPerformanceBenchmark.benchmarkGetOrDefault","avgt",1,9,524.003121,629.036989,"ns/op",90000
"custommap.CustomLinkedHashMapPerformanceBenchmark.benchmarkGetOrDefault","avgt",1,9,576.299998,616.756166,"ns/op",100000
"custommap.CustomLinkedHashMapPerformanceBenchmark.benchmarkHashCode","avgt",1,9,67369.648591,9510.151889,"ns/op",10000
"custommap.CustomLinkedHashMapPerformanceBenchmark.benchmarkHashCode","avgt",1,9,124799.296301,10941.852507,"ns/op",20000
"custommap.CustomLinkedHashMapPerformanceBenchmark.benchmarkHashCode","avgt",1,9,180552.668064,1724.033823,"ns/op",30000
"custommap.CustomLinkedHashMapPerformanceBenchmark.benchmarkHashCode","avgt",1,9,267378.920525,16035.822628,"ns/op",40000
"custommap.CustomLinkedHashMapPerformanceBenchmark.benchmarkHashCode","avgt",1,9,333660.915404,17929.271576,"ns/op",50000
"custommap.CustomLinkedHashMapPerformanceBenchmark.benchmarkHashCode","avgt",1,9,410745.249160,14425.168727,"ns/op",60000
"custommap.CustomLinkedHashMapPerformanceBenchmark.benchmarkHashCode","avgt",1,9,480550.518677,24865.726507,"ns/op",70000
"custommap.CustomLinkedHashMapPerformanceBenchmark.benchmarkHashCode","avgt",1,9,580067.472633,79567.498724,"ns/op",80000
"custommap.CustomLinkedHashMapPerformanceBenchmark.benchmarkHashCode","avgt",1,9,667944.339765,128981.922444,"ns/op",90000
"custommap.CustomLinkedHashMapPerformanceBenchmark.benchmarkHashCode","avgt",1,9,649812.812296,17950.843010,"ns/op",100000
"custommap.CustomLinkedHashMapPerformanceBenchmark.benchmarkKeySet","avgt",1,9,41.627683,19.140154,"ns/op",10000
"custommap.CustomLinkedHashMapPerformanceBenchmark.benchmarkKeySet","avgt",1,9,67.051044,28.876758,"ns/op",20000
"custommap.CustomLinkedHashMapPerformanceBenchmark.benchmarkKeySet","avgt",1,9,60.795918,11.065046,"ns/op",30000
"custommap.CustomLinkedHashMapPerformanceBenchmark.benchmarkKeySet","avgt",1,9,65.848797,14.255704,"ns/op",40000
"custommap.CustomLinkedHashMapPerformanceBenchmark.benchmarkKeySet","avgt",1,9,81.451333,46.029592,"ns/op",50000
"custommap.CustomLinkedHashMapPerformanceBenchmark.benchmarkKeySet","avgt",1,9,73.579068,20.959334,"ns/op",60000
"custommap.CustomLinkedHashMapPerformanceBenchmark.benchmarkKeySet","avgt",1,9,65.532004,11.979270,"ns/op",70000
"custommap.CustomLinkedHashMapPerformanceBenchmark.benchmarkKeySet","avgt",1,9,76.222473,10.896325,"ns/op",80000
"custommap.CustomLinkedHashMapPerformanceBenchmark.benchmarkKeySet","avgt",1,9,108.636202,75.374283,"ns/op",90000
"custommap.CustomLinkedHashMapPerformanceBenchmark.benchmarkKeySet","avgt",1,9,118.300308,82.339342,"ns/op",100000
"custommap.CustomLinkedHashMapPerformanceBenchmark.benchmarkMerge","avgt",1,9,135.460052,110.679790,"ns/op",10000
"custommap.CustomLinkedHashMapPerformanceBenchmark.benchmarkMerge","avgt",1,9,431.226538,52.026201,"ns/op",20000
"custommap.CustomLinkedHashMapPerformanceBenchmark.benchmarkMerge","avgt",1,9,523.325123,189.899245,"ns/op",30000
"custommap.CustomLinkedHashMapPerformanceBenchmark.benchmarkMerge","avgt",1,9,630.102539,109.929707,"ns/op",40000
"custommap.CustomLinkedHashMapPerformanceBenchmark.benchmarkMerge","avgt",1,9,509.367241,311.919235,"ns/op",50000
"custommap.CustomLinkedHashMapPerformanceBenchmark.benchmarkMerge","avgt",1,9,465.927423,136.617845,"ns/op",60000
"custommap.CustomLinkedHashMapPerformanceBenchmark.benchmarkMerge","avgt",1,9,690.919208,410.472186,"ns/op",70000
"custommap.CustomLinkedHashMapPerformanceBenchmark.benchmarkMerge","avgt",1,9,581.468008,372.237099,"ns/op",80000
"custommap.CustomLinkedHashMapPerformanceBenchmark.benchmarkMerge","avgt",1,9,1117.093437,1193.786730,"ns/op",90000
"custommap.CustomLinkedHashMapPerformanceBenchmark.benchmarkMerge","avgt",1,9,1468.228442,1068.075423,"ns/op",100000
"custommap.CustomLinkedHashMapPerformanceBenchmark.benchmarkPut","avgt",1,9,449624.399592,17863.422049,"ns/op",10000
"custommap.CustomLinkedHashMapPerformanceBenchmark.benchmarkPut","avgt",1,9,945346.151794,55460.762723,"ns/op",20000
"custommap.CustomLinkedHashMapPerformanceBenchmark.benchmarkPut","avgt",1,9,1325982.101664,87254.356554,"ns/op",30000
"custommap.CustomLinkedHashMapPerformanceBenchmark.benchmarkPut","avgt",1,9,1942858.027796,92541.017236,"ns/op",40000
"custommap.CustomLinkedHashMapPerformanceBenchmark.benchmarkPut","avgt",1,9,2731335.531491,384958.365113,"ns/op",50000
"custommap.CustomLinkedHashMapPerformanceBenchmark.benchmarkPut","avgt",1,9,2851426.006911,269727.066981,"ns/op",60000
"custommap.CustomLinkedHashMapPerformanceBenchmark.benchmarkPut","avgt",1,9,4056566.534806,435834.601158,"ns/op",70000
"custommap.CustomLinkedHashMapPerformanceBenchmark.benchmarkPut","avgt",1,9,4222973.225250,408171.048763,"ns/op",80000
"custommap.CustomLinkedHashMapPerformanceBenchmark.benchmarkPut","avgt",1,9,7229911.609991,4839086.411223,"ns/op",90000
"custommap.CustomLinkedHashMapPerformanceBenchmark.benchmarkPut","avgt",1,9,6898117.088992,1419659.334733,"ns/op",100000
"custommap.CustomLinkedHashMapPerformanceBenchmark.benchmarkPutAll","avgt",1,9,104613.664400,5207.900855,"ns/op",10000
"custommap.CustomLinkedHashMapPerformanceBenchmark.benchmarkPutAll","avgt",1,9,208623.827470,22250.796406,"ns/op",20000
"custommap.CustomLinkedHashMapPerformanceBenchmark.benchmarkPutAll","avgt",1,9,307411.587231,13213.887125,"ns/op",30000
"custommap.CustomLinkedHashMapPerformanceBenchmark.benchmarkPutAll","avgt",1,9,444420.077660,43304.373628,"ns/op",40000
"custommap.CustomLinkedHashMapPerformanceBenchmark.benchmarkPutAll","avgt",1,9,572673.006815,92764.511615,"ns/op",50000
"custommap.CustomLinkedHashMapPerformanceBenchmark.benchmarkPutAll","avgt",1,9,723456.652070,128044.040823,"ns/op",60000
"custommap.CustomLinkedHashMapPerformanceBenchmark.benchmarkPutAll","avgt",1,9,796798.884023,57543.969015,"ns/op",70000
"custommap.CustomLinkedHashMapPerformanceBenchmark.benchmarkPutAll","avgt",1,9,945758.908487,264037.432829,"ns/op",80000
"custommap.CustomLinkedHashMapPerformanceBenchmark.benchmarkPutAll","avgt",1,9,1126049.159124,287724.571820,"ns/op",90000
"custommap.CustomLinkedHashMapPerformanceBenchmark.benchmarkPutAll","avgt",1,9,1205045.819305,195703.154205,"ns/op",100000
"custommap.CustomLinkedHashMapPerformanceBenchmark.benchmarkPutIfAbsent","avgt",1,9,477653.946322,41846.756798,"ns/op",10000
"custommap.CustomLinkedHashMapPerformanceBenchmark.benchmarkPutIfAbsent","avgt",1,9,1042278.009999,86067.195747,"ns/op",20000
"custommap.CustomLinkedHashMapPerformanceBenchmark.benchmarkPutIfAbsent","avgt",1,9,1460856.773789,329082.868111,"ns/op",30000
"custommap.CustomLinkedHashMapPerformanceBenchmark.benchmarkPutIfAbsent","avgt",1,9,2769949.414825,1505990.226219,"ns/op",40000
"custommap.CustomLinkedHashMapPerformanceBenchmark.benchmarkPutIfAbsent","avgt",1,9,2547123.374150,210804.903317,"ns/op",50000
"custommap.CustomLinkedHashMapPerformanceBenchmark.benchmarkPutIfAbsent","avgt",1,9,3156329.686698,610911.722487,"ns/op",60000
"custommap.CustomLinkedHashMapPerformanceBenchmark.benchmarkPutIfAbsent","avgt",1,9,3990080.266241,416879.012213,"ns/op",70000
"custommap.CustomLinkedHashMapPerformanceBenchmark.benchmarkPutIfAbsent","avgt",1,9,5387158.166158,1795103.940323,"ns/op",80000
"custommap.CustomLinkedHashMapPerformanceBenchmark.benchmarkPutIfAbsent","avgt",1,9,5038130.294915,637999.075663,"ns/op",90000
"custommap.CustomLinkedHashMapPerformanceBenchmark.benchmarkPutIfAbsent","avgt",1,9,5378253.385148,451046.818694,"ns/op",100000
"custommap.CustomLinkedHashMapPerformanceBenchmark.benchmarkRemove","avgt",1,9,96.612061,80.740380,"ns/op",10000
"custommap.CustomLinkedHashMapPerformanceBenchmark.benchmarkRemove","avgt",1,9,180.456438,31.828732,"ns/op",20000
"custommap.CustomLinkedHashMapPerformanceBenchmark.benchmarkRemove","avgt",1,9,207.487802,112.826648,"ns/op",30000
"custommap.CustomLinkedHashMapPerformanceBenchmark.benchmarkRemove","avgt",1,9,202.282147,65.832940,"ns/op",40000
"custommap.CustomLinkedHashMapPerformanceBenchmark.benchmarkRemove","avgt",1,9,207.660584,94.122351,"ns/op",50000
"custommap.CustomLinkedHashMapPerformanceBenchmark.benchmarkRemove","avgt",1,9,255.783329,76.306361,"ns/op",60000
"custommap.CustomLinkedHashMapPerformanceBenchmark.benchmarkRemove","avgt",1,9,333.807631,296.901917,"ns/op",70000
"custommap.CustomLinkedHashMapPerformanceBenchmark.benchmarkRemove","avgt",1,9,325.206119,121.298684,"ns/op",80000
"custommap.CustomLinkedHashMapPerformanceBenchmark.benchmarkRemove","avgt",1,9,444.339769,414.751680,"ns/op",90000
"custommap.CustomLinkedHashMapPerformanceBenchmark.benchmarkRemove","avgt",1,9,630.247510,586.412785,"ns/op",100000
"custommap.CustomLinkedHashMapPerformanceBenchmark.benchmarkRemoveWithValue","avgt",1,9,111.822861,53.567985,"ns/op",10000
"custommap.CustomLinkedHashMapPerformanceBenchmark.benchmarkRemoveWithValue","avgt",1,9,265.207124,60.914239,"ns/op",20000
"custommap.CustomLinkedHashMapPerformanceBenchmark.benchmarkRemoveWithValue","avgt",1,9,308.899983,81.907246,"ns/op",30000
"custommap.CustomLinkedHashMapPerformanceBenchmark.benchmarkRemoveWithValue","avgt",1,9,320.749175,80.707663,"ns/op",40000
"custommap.CustomLinkedHashMapPerformanceBenchmark.benchmarkRemoveWithValue","avgt",1,9,312.864886,88.359859,"ns/op",50000
"custommap.CustomLinkedHashMapPerformanceBenchmark.benchmarkRemoveWithValue","avgt",1,9,392.837821,54.277457,"ns/op",60000
"custommap.CustomLinkedHashMapPerformanceBenchmark.benchmarkRemoveWithValue","avgt",1,9,502.775833,206.214042,"ns/op",70000
"custommap.CustomLinkedHashMapPerformanceBenchmark.benchmarkRemoveWithValue","avgt",1,9,540.930979,287.324742,"ns/op",80000
"custommap.CustomLinkedHashMapPerformanceBenchmark.benchmarkRemoveWithValue","avgt",1,9,584.878333,289.021755,"ns/op",90000
"custommap.CustomLinkedHashMapPerformanceBenchmark.benchmarkRemoveWithValue","avgt",1,9,647.320014,326.122281,"ns/op",100000
"custommap.CustomLinkedHashMapPerformanceBenchmark.benchmarkReplace","avgt",1,9,91.973774,52.088694,"ns/op",10000
"custommap.CustomLinkedHashMapPerformanceBenchmark.benchmarkReplace","avgt",1,9,267.809122,50.421217,"ns/op",20000
"custommap.CustomLinkedHashMapPerformanceBenchmark.benchmarkReplace","avgt",1,9,307.321182,85.465823,"ns/op",30000
"custommap.CustomLinkedHashMapPerformanceBenchmark.benchmarkReplace","avgt",1,9,322.055130,47.435619,"ns/op",40000
"custommap.CustomLinkedHashMapPerformanceBenchmark.benchmarkReplace","avgt",1,9,301.014894,35.441220,"ns/op",50000
"custommap.CustomLinkedHashMapPerformanceBenchmark.benchmarkReplace","avgt",1,9,374.138687,78.195907,"ns/op",60000
"custommap.CustomLinkedHashMapPerformanceBenchmark.benchmarkReplace","avgt",1,9,457.417621,266.579364,"ns/op",70000
"custommap.CustomLinkedHashMapPerformanceBenchmark.benchmarkReplace","avgt",1,9,485.690732,179.141151,"ns/op",80000
"custommap.CustomLinkedHashMapPerformanceBenchmark.benchmarkReplace","avgt",1,9,598.218962,365.699352,"ns/op",90000
"custommap.CustomLinkedHashMapPerformanceBenchmark.benchmarkReplace","avgt",1,9,662.637820,309.077653,"ns/op",100000
"custommap.CustomLinkedHashMapPerformanceBenchmark.benchmarkReplaceAll","avgt",1,9,76798.265751,1477.120525,"ns/op",10000
"custommap.CustomLinkedHashMapPerformanceBenchmark.benchmarkReplaceAll","avgt",1,9,168005.631518,4523.022812,"ns/op",20000
"custommap.CustomLinkedHashMapPerformanceBenchmark.benchmarkReplaceAll","avgt",1,9,261773.881375,7187.451287,"ns/op",30000
"custommap.CustomLinkedHashMapPerformanceBenchmark.benchmarkReplaceAll","avgt",1,9,366208.682917,15148.792343,"ns/op",40000
"custommap.CustomLinkedHashMapPerformanceBenchmark.benchmarkReplaceAll","avgt",1,9,479969.014278,42621.476716,"ns/op",50000
"custommap.CustomLinkedHashMapPerformanceBenchmark.benchmarkReplaceAll","avgt",1,9,562210.846914,89630.385783,"ns/op",60000
"custommap.CustomLinkedHashMapPerformanceBenchmark.benchmarkReplaceAll","avgt",1,9,696357.962667,89024.349489,"ns/op",70000
"custommap.CustomLinkedHashMapPerformanceBenchmark.benchmarkReplaceAll","avgt",1,9,788323.656250,62320.946754,"ns/op",80000
"custommap.CustomLinkedHashMapPerformanceBenchmark.benchmarkReplaceAll","avgt",1,9,985127.601329,360492.233975,"ns/op",90000
"custommap.CustomLinkedHashMapPerformanceBenchmark.benchmarkReplaceAll","avgt",1,9,930130.014469,95665.039077,"ns/op",100000
"custommap.CustomLinkedHashMapPerformanceBenchmark.benchmarkReplaceWithOldNew","avgt",1,9,141.025219,59.570685,"ns/op",10000
"custommap.CustomLinkedHashMapPerformanceBenchmark.benchmarkReplaceWithOldNew","avgt",1,9,313.032103,31.603519,"ns/op",20000
"custommap.CustomLinkedHashMapPerformanceBenchmark.benchmarkReplaceWithOldNew","avgt",1,9,356.767862,100.813279,"ns/op",30000
"custommap.CustomLinkedHashMapPerformanceBenchmark.benchmarkReplaceWithOldNew","avgt",1,9,432.528540,140.809569,"ns/op",40000
"custommap.CustomLinkedHashMapPerformanceBenchmark.benchmarkReplaceWithOldNew","avgt",1,9,463.384256,98.141222,"ns/op",50000
"custommap.CustomLinkedHashMapPerformanceBenchmark.benchmarkReplaceWithOldNew","avgt",1,9,485.795666,23.130531,"ns/op",60000
"custommap.CustomLinkedHashMapPerformanceBenchmark.benchmarkReplaceWithOldNew","avgt",1,9,604.947740,253.532691,"ns/op",70000
"custommap.CustomLinkedHashMapPerformanceBenchmark.benchmarkReplaceWithOldNew","avgt",1,9,640.162199,188.015295,"ns/op",80000
"custommap.CustomLinkedHashMapPerformanceBenchmark.benchmarkReplaceWithOldNew","avgt",1,9,728.925184,388.448876,"ns/op",90000
"custommap.CustomLinkedHashMapPerformanceBenchmark.benchmarkReplaceWithOldNew","avgt",1,9,845.541898,523.901044,"ns/op",100000
"custommap.CustomLinkedHashMapPerformanceBenchmark.benchmarkToString","avgt",1,9,192663.861244,4038.045620,"ns/op",10000
"custommap.CustomLinkedHashMapPerformanceBenchmark.benchmarkToString","avgt",1,9,425586.156706,18583.978499,"ns/op",20000
"custommap.CustomLinkedHashMapPerformanceBenchmark.benchmarkToString","avgt",1,9,667513.067635,52776.407669,"ns/op",30000
"custommap.CustomLinkedHashMapPerformanceBenchmark.benchmarkToString","avgt",1,9,879270.304419,15720.159407,"ns/op",40000
"custommap.CustomLinkedHashMapPerformanceBenchmark.benchmarkToString","avgt",1,9,1189815.731265,81073.990107,"ns/op",50000
"custommap.CustomLinkedHashMapPerformanceBenchmark.benchmarkToString","avgt",1,9,1382043.221504,104503.057160,"ns/op",60000
"custommap.CustomLinkedHashMapPerformanceBenchmark.benchmarkToString","avgt",1,9,1609165.753035,54520.688957,"ns/op",70000
"custommap.CustomLinkedHashMapPerformanceBenchmark.benchmarkToString","avgt",1,9,1848156.205636,105141.591784,"ns/op",80000
"custommap.CustomLinkedHashMapPerformanceBenchmark.benchmarkToString","avgt",1,9,2080761.368834,59648.067712,"ns/op",90000
"custommap.CustomLinkedHashMapPerformanceBenchmark.benchmarkToString","avgt",1,9,2391196.303629,373060.549437,"ns/op",100000
"custommap.CustomLinkedHashMapPerformanceBenchmark.benchmarkValues","avgt",1,9,41.574058,20.004679,"ns/op",10000
"custommap.CustomLinkedHashMapPerformanceBenchmark.benchmarkValues","avgt",1,9,66.456282,31.820931,"ns/op",20000
"custommap.CustomLinkedHashMapPerformanceBenchmark.benchmarkValues","avgt",1,9,66.627194,26.260736,"ns/op",30000
"custommap.CustomLinkedHashMapPerformanceBenchmark.benchmarkValues","avgt",1,9,66.572052,18.322949,"ns/op",40000
"custommap.CustomLinkedHashMapPerformanceBenchmark.benchmarkValues","avgt",1,9,74.534287,44.538823,"ns/op",50000
"custommap.CustomLinkedHashMapPerformanceBenchmark.benchmarkValues","avgt",1,9,76.835422,21.347618,"ns/op",60000
"custommap.CustomLinkedHashMapPerformanceBenchmark.benchmarkValues","avgt",1,9,81.279332,28.714326,"ns/op",70000
"custommap.CustomLinkedHashMapPerformanceBenchmark.benchmarkValues","avgt",1,9,102.446695,90.500934,"ns/op",80000
"custommap.CustomLinkedHashMapPerformanceBenchmark.benchmarkValues","avgt",1,9,86.543371,51.107647,"ns/op",90000
"custommap.CustomLinkedHashMapPerformanceBenchmark.benchmarkValues","avgt",1,9,127.324098,87.840409,"ns/op",100000
